Item ARK,Parent ARK,File Name,Object Type,coll id,AltIdentifier.local,Collection,Series,Title,AltTitle.other,Description.note,References,Genre,Language,Type.typeOfResource,Date.created,Date.normalized,Note,Subject.coordinates,Subject topic,Inscription,media.format,media.height,media.width,Thumbnail,IIIF Access URL,External item record,Repository,Rights.servicesContact,Acquisition method,Physical status,Violent Content,Series & Collection,Creation date/time,Last modification date/time,Description (Eng),Description (Ara),Genre (old),Inscription (old),Inscription 2 (old),Alt Title
ark:/21198/z1p6172b,,,Collection,,,,,The Azmi Zughier Collection,,,,,,,,,,,,,,,,,,,The Palestinian Museum Digital Archive,info@palarchive.org,,,,,,,,,,,,
ark:/13030/m56f3h8n,ark:/21198/z1p6172b,,Work,154.0,0154.01.0001|~|162788|~|42277_ca_object_representations_media_116283_original.jpg,The Azmi Zughier Collection,,الشهيد عزمي عبد الغني الصغير من مدينة الخليل استشهد خلال الاجتياح الإسرائيلي على جنوب لبنان,Shaheed Azmi Abdel-Ghani al-Zughaier from Hebron. He was killed during the Israeli invasion of southern Lebanon,"Shaheed Azmi Abdel-Ghani al-Zughaier; born in 1937 in Hebron. He joined the Palestinian Revolution in 1968 and was assigned as the commander of Tactical Communications . He was killed during the Israeli invasion of southern Lebanon on 27-6-1982. In the photo, Azmi is seen in his office in Tyre City. Throughout his life, he achieved many military ranks; including, Commander of Abu Yousef an-Najjar Squad, Commander of Attacks in Northern Palestine, and Commander of Joint Forces in southern Lebanon|~|الشهيد عزمي عبد المغني صغير من مدينة الخليل مواليد 1937 التحق بالثورة سنة 1968 كان قائد االرصد العسكري في الاغوار تم اغتياله في تاريخ 27-6-1982 اثناء الاجتياح الاسرائيلي لجنوب لبنان وهنا يظهر عزمي في الصورة وراء مكتبه الكائن في مدينة صور في لبنان حيث كان يشغل منصب قائد كتيبة ابو يوسف النجار وبعدها اخذ منصب قائد عمليات شمال فلسطين واخيرا كان قائد القوات المشتركة في جنوب لبنان",,,,still image,1980 to 1981,1980/1981,رجل من مدينة الخليل ، قائد القوات المشتركة جنوب لبنان شهيد,,,,image/jpeg,3012,4193,https://d7rm5xoig729r.cloudfront.net/collectiveaccess/images/1/1/6/2/96774_ca_object_representations_media_116283_preview.jpg,https://d7rm5xoig729r.cloudfront.net/collectiveaccess/images/1/1/6/2/42277_ca_object_representations_media_116283_original.jpg,https://palarchive.org/index.php/Detail/objects/162788/lang/en_US,The Palestinian Museum ,info@palarchive.org,,,,The Azmi Zughier Collection,9 September 2019 at 16:26:14,9 March 2021 at 11:17:12,"Shaheed Azmi Abdel-Ghani al-Zughaier; born in 1937 in Hebron. He joined the Palestinian Revolution in 1968 and was assigned as the commander of Tactical Communications . He was killed during the Israeli invasion of southern Lebanon on 27-6-1982. In the photo, Azmi is seen in his office in Tyre City. Throughout his life, he achieved many military ranks; including, Commander of Abu Yousef an-Najjar Squad, Commander of Attacks in Northern Palestine, and Commander of Joint Forces in southern Lebanon",الشهيد عزمي عبد المغني صغير من مدينة الخليل مواليد 1937 التحق بالثورة سنة 1968 كان قائد االرصد العسكري في الاغوار تم اغتياله في تاريخ 27-6-1982 اثناء الاجتياح الاسرائيلي لجنوب لبنان وهنا يظهر عزمي في الصورة وراء مكتبه الكائن في مدينة صور في لبنان حيث كان يشغل منصب قائد كتيبة ابو يوسف النجار وبعدها اخذ منصب قائد عمليات شمال فلسطين واخيرا كان قائد القوات المشتركة في جنوب لبنان,,,,
ark:/13030/m5kq5rg5,ark:/21198/z1p6172b,,Work,154.0,0154.01.0002|~|162789|~|1287_ca_object_representations_media_116284_original.jpg,The Azmi Zughier Collection,,قائد عسكري فلسطيني من عائلة الصغير من مدينة الخليل,A Palestinian Official from al-Zughaier Family - Hebron,Shaheed Azmi Abdel-Ghani al-Zughaier; a Palestinian Official from Hebron|~|عزمي عبد المغني الصغير، قائد عسكري من مدينة الخليل,,,,still image,1975 to 1976,1975/1976,رجل من مدينة الخليل ، قائد القوات المشتركة جنوب لبنان شهيد,,,,image/jpeg,4193,3012,https://d7rm5xoig729r.cloudfront.net/collectiveaccess/images/1/1/6/2/38268_ca_object_representations_media_116284_preview.jpg,https://d7rm5xoig729r.cloudfront.net/collectiveaccess/images/1/1/6/2/1287_ca_object_representations_media_116284_original.jpg,https://palarchive.org/index.php/Detail/objects/162789/lang/en_US,The Palestinian Museum ,info@palarchive.org,,,,The Azmi Zughier Collection,9 September 2019 at 16:26:14,9 March 2021 at 11:17:12,Shaheed Azmi Abdel-Ghani al-Zughaier; a Palestinian Official from Hebron,عزمي عبد المغني الصغير، قائد عسكري من مدينة الخليل,,,,
ark:/13030/m5fz50rt,ark:/21198/z1p6172b,,Work,154.0,0154.01.0003|~|162790|~|62924_ca_object_representations_media_116285_original.jpg,The Azmi Zughier Collection,,ياسر عرفات وعزمي الصغير في زيارة لليابان,Yassir Arafat and Azmi al-Zughaier on a visit to Japan,Late Palestinian President Yassir Arafat and Azmi al-Zughaier on their visit to Japan; in response to an official invitation from Japan|~|زيارة الرئيس الفلسطيني الراحل ياسر عرفات وعزمي عبد الغني الصغير لليابان حيث كانت الزيارة بدعوة رسمية من اليابان,,,,still image,1978,1978,زيارة، اليابان، رئيس فلسطين,,,,image/jpeg,408,640,https://d7rm5xoig729r.cloudfront.net/collectiveaccess/images/1/1/6/2/7299_ca_object_representations_media_116285_preview.jpg,https://d7rm5xoig729r.cloudfront.net/collectiveaccess/images/1/1/6/2/62924_ca_object_representations_media_116285_original.jpg,https://palarchive.org/index.php/Detail/objects/162790/lang/en_US,The Palestinian Museum ,info@palarchive.org,,,,The Azmi Zughier Collection,9 September 2019 at 16:26:14,9 March 2021 at 11:17:12,Late Palestinian President Yassir Arafat and Azmi al-Zughaier on their visit to Japan; in response to an official invitation from Japan,زيارة الرئيس الفلسطيني الراحل ياسر عرفات وعزمي عبد الغني الصغير لليابان حيث كانت الزيارة بدعوة رسمية من اليابان,,,,
ark:/13030/m52s1fwb,ark:/21198/z1p6172b,,Work,154.0,0154.01.0004|~|162791|~|39972_ca_object_representations_media_116286_original.jpg,The Azmi Zughier Collection,,ياسر عرفات وعزمي نفاع في زيارة للصين,Yassir Arafat and Azmi Naffa' on a visit to China,Late Palestinian President Yassir Arafat and Azmi al-Zughaier on their visit to China.|~|زيارة الرئيس الراحل ياسر عرفات وعزمي الصغير للصين ويظهر الرئيس في الصورة وهو يؤدي السلام الوطني,,,,still image,1978,1978,زيارة، رئيس فلسطين، الصين، سلام وطني,,,,image/jpeg,419,640,https://d7rm5xoig729r.cloudfront.net/collectiveaccess/images/1/1/6/2/77564_ca_object_representations_media_116286_preview.jpg,https://d7rm5xoig729r.cloudfront.net/collectiveaccess/images/1/1/6/2/39972_ca_object_representations_media_116286_original.jpg,https://palarchive.org/index.php/Detail/objects/162791/lang/en_US,The Palestinian Museum ,info@palarchive.org,,,,The Azmi Zughier Collection,9 September 2019 at 16:26:14,9 March 2021 at 11:17:12,Late Palestinian President Yassir Arafat and Azmi al-Zughaier on their visit to China.,زيارة الرئيس الراحل ياسر عرفات وعزمي الصغير للصين ويظهر الرئيس في الصورة وهو يؤدي السلام الوطني,,,,
ark:/13030/m59676t4,ark:/21198/z1p6172b,,Work,154.0,0154.01.0005|~|162792|~|21331_ca_object_representations_media_116287_original.jpg,The Azmi Zughier Collection,,ياسر عرفات في اليابان,Yassir Arafat in Japan,"Late Palestinian President Yassir Arafat in Japan with his bodyguard Fathi al-Razam; to the left, and Azmi al-Zughaier|~|الرئيس الفلسطيني الراحل ياسر عرفات خلال استقباله في اليابان ويظهر معه في الصورة من اليسار فتحي الرازم وهو المرافق الشخصي للرئيس ياسر عرفات وعزمي الصغير",,,,still image,1978,1978,زيارة، استقبال، اليابان، رئيس فلسطين، رئيس اليابان,,,,image/jpeg,419,640,https://d7rm5xoig729r.cloudfront.net/collectiveaccess/images/1/1/6/2/16207_ca_object_representations_media_116287_preview.jpg,https://d7rm5xoig729r.cloudfront.net/collectiveaccess/images/1/1/6/2/21331_ca_object_representations_media_116287_original.jpg,https://palarchive.org/index.php/Detail/objects/162792/lang/en_US,The Palestinian Museum ,info@palarchive.org,,,,The Azmi Zughier Collection,9 September 2019 at 16:26:14,9 March 2021 at 11:17:12,"Late Palestinian President Yassir Arafat in Japan with his bodyguard Fathi al-Razam; to the left, and Azmi al-Zughaier",الرئيس الفلسطيني الراحل ياسر عرفات خلال استقباله في اليابان ويظهر معه في الصورة من اليسار فتحي الرازم وهو المرافق الشخصي للرئيس ياسر عرفات وعزمي الصغير,,,,
ark:/13030/m57f0jd1,ark:/21198/z1p6172b,,Work,154.0,0154.01.0006|~|162793|~|62500_ca_object_representations_media_116288_original.jpg,The Azmi Zughier Collection,,أشخاص من منظمة التحرير خلال التحضير للسفر الى اليابان والصين,Members of the PLO preparing for their trip to China and Japan,"Members of the PLO preparing for their trip to China and Japan. Shaheed Azmi al-Zughaier; on the right, and Fathi al-Razam; third to the right, are seen in the photo|~|من اليمين الشهيد عزمي الصغير والثالث من اليمين فتحي الرزام واخرين خلال تحضيرهم للسفر الى اليابان والصين",,,,still image,1978,1978,مجموعة، رجال، شنط سفر، اليابان، الصين,,,,image/jpeg,419,640,https://d7rm5xoig729r.cloudfront.net/collectiveaccess/images/1/1/6/2/43458_ca_object_representations_media_116288_preview.jpg,https://d7rm5xoig729r.cloudfront.net/collectiveaccess/images/1/1/6/2/62500_ca_object_representations_media_116288_original.jpg,https://palarchive.org/index.php/Detail/objects/162793/lang/en_US,The Palestinian Museum ,info@palarchive.org,,,,The Azmi Zughier Collection,9 September 2019 at 16:26:14,9 March 2021 at 11:17:12,"Members of the PLO preparing for their trip to China and Japan. Shaheed Azmi al-Zughaier; on the right, and Fathi al-Razam; third to the right, are seen in the photo",من اليمين الشهيد عزمي الصغير والثالث من اليمين فتحي الرزام واخرين خلال تحضيرهم للسفر الى اليابان والصين,,,,
ark:/13030/m5z10zdc,ark:/21198/z1p6172b,,Work,154.0,0154.01.0007|~|162794|~|36037_ca_object_representations_media_116289_original.jpg,The Azmi Zughier Collection,,ياسر عرفات في منزل الشهيد عزمي الصغير,Yassir Arafat at Shaheed Azmi al-Zughaier's house,Yassir Arafat at Shaheed Azmi al-Zughaier's house in Tyre City|~|الشهيد عزمي الصغير في منزلة في مدينة صور مع الرئيس ياسر عرفات,,,,still image,1978,1978,رئيس فلسطين، منزل الشهيد عزمي الصغير,,,,image/jpeg,3600,5040,https://d7rm5xoig729r.cloudfront.net/collectiveaccess/images/1/1/6/2/25549_ca_object_representations_media_116289_preview.jpg,https://d7rm5xoig729r.cloudfront.net/collectiveaccess/images/1/1/6/2/36037_ca_object_representations_media_116289_original.jpg,https://palarchive.org/index.php/Detail/objects/162794/lang/en_US,The Palestinian Museum ,info@palarchive.org,,,,The Azmi Zughier Collection,9 September 2019 at 16:26:14,9 March 2021 at 11:17:12,Yassir Arafat at Shaheed Azmi al-Zughaier's house in Tyre City,الشهيد عزمي الصغير في منزلة في مدينة صور مع الرئيس ياسر عرفات,,,,
ark:/13030/m5c6194r,ark:/21198/z1p6172b,,Work,154.0,0154.01.0008|~|162795|~|69648_ca_object_representations_media_116290_original.jpg,The Azmi Zughier Collection,,ياسر عرفات اثناء تفقده عناصر الجيش جنوب لبنان,Yassir Arafat inspecting soldiers in southern Lebanon,Shaheed Azmi al-Zughaier and body guards with Yassir Arafat during his inspection walk for the soldiers in the military bases in southern Lebanon|~|الشهيد عزمي الصغير ومجموعة من عناصر الحراسة مع الرئيس ياسر عرفات خلال تفقده عناصر الجيش في القواعد العسكرية جنوب لبنان,,,,still image,1977,1977,عناصر امن حراسة، رئيس فلسطين، جنوب لبنان صور,,,,image/jpeg,1800,2520,https://d7rm5xoig729r.cloudfront.net/collectiveaccess/images/1/1/6/2/96648_ca_object_representations_media_116290_preview.jpg,https://d7rm5xoig729r.cloudfront.net/collectiveaccess/images/1/1/6/2/69648_ca_object_representations_media_116290_original.jpg,https://palarchive.org/index.php/Detail/objects/162795/lang/en_US,The Palestinian Museum ,info@palarchive.org,,,,The Azmi Zughier Collection,9 September 2019 at 16:26:15,9 March 2021 at 11:17:12,Shaheed Azmi al-Zughaier and body guards with Yassir Arafat during his inspection walk for the soldiers in the military bases in southern Lebanon,الشهيد عزمي الصغير ومجموعة من عناصر الحراسة مع الرئيس ياسر عرفات خلال تفقده عناصر الجيش في القواعد العسكرية جنوب لبنان,,,,
ark:/13030/m5mq2sjn,ark:/21198/z1p6172b,,Work,154.0,0154.01.0009|~|162796|~|14800_ca_object_representations_media_116291_original.jpg,The Azmi Zughier Collection,,ياسر عرفات وقادة من منظمة التحرير جنوب لبنان,Yassir Arafat and leaders from the PLO in southern Lebanon,Yassir Arafat and leaders from the PLO on a visit to the military forces in southern Lebanon|~|الرئيس الفلسطيني ياسر عرفات مع مجموعة من القادة في منظمة التحرير في زيارة للقوات العسكرية في جنوب لبنان,,,,still image,1975 to 1976,1975/1976,قادة في منظمة التحرير، رئيس فلسطين، جنوب لبنان، صور,,,,image/jpeg,1800,2520,https://d7rm5xoig729r.cloudfront.net/collectiveaccess/images/1/1/6/2/52125_ca_object_representations_media_116291_preview.jpg,https://d7rm5xoig729r.cloudfront.net/collectiveaccess/images/1/1/6/2/14800_ca_object_representations_media_116291_original.jpg,https://palarchive.org/index.php/Detail/objects/162796/lang/en_US,The Palestinian Museum ,info@palarchive.org,,,,The Azmi Zughier Collection,9 September 2019 at 16:26:15,9 March 2021 at 11:17:12,Yassir Arafat and leaders from the PLO on a visit to the military forces in southern Lebanon,الرئيس الفلسطيني ياسر عرفات مع مجموعة من القادة في منظمة التحرير في زيارة للقوات العسكرية في جنوب لبنان,,,,
ark:/13030/m5t806qg,ark:/21198/z1p6172b,,Work,154.0,0154.01.0010|~|162797|~|5071_ca_object_representations_media_116292_original.jpg,The Azmi Zughier Collection,,رجال قادة من منظمة التحرير برفقة ياسر عرفات,Members of the PLO with Yassir Arafat,"Mohammad Jihad; leader of Ajnadayn Forces, Haj Ismail al-Taweel, and Shaheed Azmi al-Zughaier, and other members of the PLO with Yassir Arafat|~|محمد جهاد قائد قوات اجنادين والحج اسماعيل الطويل والشهيد عزمي الصغير وفؤاد الشوبكي واخرين من القيادة مع الرئيس ياسر عرفات",,,,still image,1976 to 1977,1976/1977,قادة في منظمة التحرير، رئيس فلسطين، جنوب لبنان، صور,,,,image/jpeg,1800,2520,https://d7rm5xoig729r.cloudfront.net/collectiveaccess/images/1/1/6/2/3903_ca_object_representations_media_116292_preview.jpg,https://d7rm5xoig729r.cloudfront.net/collectiveaccess/images/1/1/6/2/5071_ca_object_representations_media_116292_original.jpg,https://palarchive.org/index.php/Detail/objects/162797/lang/en_US,The Palestinian Museum ,info@palarchive.org,,,,The Azmi Zughier Collection,9 September 2019 at 16:26:15,9 March 2021 at 11:17:12,"Mohammad Jihad; leader of Ajnadayn Forces, Haj Ismail al-Taweel, and Shaheed Azmi al-Zughaier, and other members of the PLO with Yassir Arafat",محمد جهاد قائد قوات اجنادين والحج اسماعيل الطويل والشهيد عزمي الصغير وفؤاد الشوبكي واخرين من القيادة مع الرئيس ياسر عرفات,,,,
ark:/13030/m5gz21t9,ark:/21198/z1p6172b,,Work,154.0,0154.01.0011|~|162798|~|73685_ca_object_representations_media_116293_original.jpg,The Azmi Zughier Collection,,الشهيد عزمي الصغير في منطقة الراشدية في لبنان,Shaheed Azmi a-Zughaier in al-Rashideya - Lebanon,Shaheed Azmi a-Zughaier on his visit to the military forces in al-Rashideya - Lebanon|~|الشهيد عزمي الصغير خلال زيارته للقوات العسكرية في منطقة الراشدية في لبنان,,,,still image,1976 to 1977,1976/1977,مخيم الراشدية، قادة من منظمة التحرير، منطقة الراشدية، لبنان، زيارة,,,,image/jpeg,1800,2520,https://d7rm5xoig729r.cloudfront.net/collectiveaccess/images/1/1/6/2/58415_ca_object_representations_media_116293_preview.jpg,https://d7rm5xoig729r.cloudfront.net/collectiveaccess/images/1/1/6/2/73685_ca_object_representations_media_116293_original.jpg,https://palarchive.org/index.php/Detail/objects/162798/lang/en_US,The Palestinian Museum ,info@palarchive.org,,,,The Azmi Zughier Collection,9 September 2019 at 16:26:15,9 March 2021 at 11:17:12,Shaheed Azmi a-Zughaier on his visit to the military forces in al-Rashideya - Lebanon,الشهيد عزمي الصغير خلال زيارته للقوات العسكرية في منطقة الراشدية في لبنان,,,,
ark:/13030/m5w45kmt,ark:/21198/z1p6172b,,Work,154.0,0154.01.0012|~|162799|~|56961_ca_object_representations_media_116294_original.jpg,The Azmi Zughier Collection,,قادة من منظمة التحرير في زيارة للقواعد العسكرية جنوب لبنان,Leaders from the PLO on a visit to the military bases in southern Lebanon,"Khaleel al-Wazeir; first to the left, and Shaheed Azmi al-Zughaier with leaders of the PLO at the military bases in southern Lebanon|~|خلبل الوزير ابو جهاد الشخص الاول من اليسار برفقة عزمي الصغير ومجموعة من القادة في منظمة التحرير خلال زيارة للقواعد العسكرية جنوب في لبنان",,,,still image,1979 to 1980,1979/1980,قادة من منظمة التحرير، جنوب لبنان، صور,,,,image/jpeg,2520,1800,https://d7rm5xoig729r.cloudfront.net/collectiveaccess/images/1/1/6/2/68128_ca_object_representations_media_116294_preview.jpg,https://d7rm5xoig729r.cloudfront.net/collectiveaccess/images/1/1/6/2/56961_ca_object_representations_media_116294_original.jpg,https://palarchive.org/index.php/Detail/objects/162799/lang/en_US,The Palestinian Museum ,info@palarchive.org,,,,The Azmi Zughier Collection,9 September 2019 at 16:26:15,9 March 2021 at 11:17:12,"Khaleel al-Wazeir; first to the left, and Shaheed Azmi al-Zughaier with leaders of the PLO at the military bases in southern Lebanon",خلبل الوزير ابو جهاد الشخص الاول من اليسار برفقة عزمي الصغير ومجموعة من القادة في منظمة التحرير خلال زيارة للقواعد العسكرية جنوب في لبنان,,,,
ark:/13030/m5hx92xp,ark:/21198/z1p6172b,,Work,154.0,0154.01.0013|~|162800|~|16283_ca_object_representations_media_116295_original.jpg,The Azmi Zughier Collection,,لوحة رسم للشهيد عزمي الصغير,A painting of Shaheed Azmi al-Zughaier,A painting of Shaheed Azmi al-Zughaier|~|لوحة رسم للشهيد عزمي الصغير,,,,still image,,,رجل، شهيد، عائلة الصغير، رام الله,,,,image/jpeg,2520,1800,https://d7rm5xoig729r.cloudfront.net/collectiveaccess/images/1/1/6/2/82438_ca_object_representations_media_116295_preview.jpg,https://d7rm5xoig729r.cloudfront.net/collectiveaccess/images/1/1/6/2/16283_ca_object_representations_media_116295_original.jpg,https://palarchive.org/index.php/Detail/objects/162800/lang/en_US,The Palestinian Museum ,info@palarchive.org,,,,The Azmi Zughier Collection,9 September 2019 at 16:26:15,9 March 2021 at 11:17:12,A painting of Shaheed Azmi al-Zughaier,لوحة رسم للشهيد عزمي الصغير,,,,
ark:/13030/m5b6480c,ark:/21198/z1p6172b,,Work,154.0,0154.01.0014|~|162801|~|2940_ca_object_representations_media_116296_original.jpg,The Azmi Zughier Collection,,جولة تفقدية لعناصر الجيش جنوب لبنان,An inspection walk for the army personnel in southern Lebanon,Shaheed Azmi al-Zughaier on an inspection walk for the army personnel in southern Lebanon|~|الشهيد عزمي الصغير خلال جولة تفقدية لعناصر الجيش جنوب لبنان,,,,still image,1979 to 1980,1979/1980,عناصر جيش، لباس عسكري، جنوب لبنان، صور,,,,image/jpeg,2520,1800,https://d7rm5xoig729r.cloudfront.net/collectiveaccess/images/1/1/6/2/50247_ca_object_representations_media_116296_preview.jpg,https://d7rm5xoig729r.cloudfront.net/collectiveaccess/images/1/1/6/2/2940_ca_object_representations_media_116296_original.jpg,https://palarchive.org/index.php/Detail/objects/162801/lang/en_US,The Palestinian Museum ,info@palarchive.org,,,,The Azmi Zughier Collection,9 September 2019 at 16:26:15,9 March 2021 at 11:17:12,Shaheed Azmi al-Zughaier on an inspection walk for the army personnel in southern Lebanon,الشهيد عزمي الصغير خلال جولة تفقدية لعناصر الجيش جنوب لبنان,,,,
ark:/13030/m50w6319,ark:/21198/z1p6172b,,Work,154.0,0154.01.0015|~|162802|~|7420_ca_object_representations_media_116297_original.jpg,The Azmi Zughier Collection,,ياسر عرفات في اول زيارة له لعائلة الشهيد عزمي الصغير في الاردن,Yassir Arafat's first visit to Shaheed Azmi al-Zughaier's Family in Jordan,Shaheed Azmi al-Zughaier's wife with Late Palestinian President Yassir Arafat on his first visit to them. Yassir Arafat is seen holding Samir; Azmi's child|~|اول زيارة للرئيس الفلسطيني ياسر عرفات لزوجة الشهيد عزمي الصغير وكانت في الاردن ويظهر ياسر عرفات وهو يحمل بين يديه الطفل سامر ابن الشهيد عزمي الصغير,,,,still image,1985,1985,رئيس فلسطين، طفل، صورة في الشارع، زيارة، الاردن,,,,image/jpeg,752,1036,https://d7rm5xoig729r.cloudfront.net/collectiveaccess/images/1/1/6/2/97634_ca_object_representations_media_116297_preview.jpg,https://d7rm5xoig729r.cloudfront.net/collectiveaccess/images/1/1/6/2/7420_ca_object_representations_media_116297_original.jpg,https://palarchive.org/index.php/Detail/objects/162802/lang/en_US,The Palestinian Museum ,info@palarchive.org,,,,The Azmi Zughier Collection,9 September 2019 at 16:26:15,9 March 2021 at 11:17:12,Shaheed Azmi al-Zughaier's wife with Late Palestinian President Yassir Arafat on his first visit to them. Yassir Arafat is seen holding Samir; Azmi's child,اول زيارة للرئيس الفلسطيني ياسر عرفات لزوجة الشهيد عزمي الصغير وكانت في الاردن ويظهر ياسر عرفات وهو يحمل بين يديه الطفل سامر ابن الشهيد عزمي الصغير,,,,
ark:/13030/m5qg6h6w,ark:/21198/z1p6172b,,Work,154.0,0154.01.0016|~|162803|~|26484_ca_object_representations_media_116298_original.jpg,The Azmi Zughier Collection,,ياسر عرفات في اول زيارة له لعائلة الشهيد عزمي الصغير في الاردن,Yassir Arafat's first visit to Shaheed Azmi al-Zughaier's Family in Jordan,Shaheed Azmi al-Zughaier's wife with Late Palestinian President Yassir Arafat on his first visit to them|~|زوجة الشهيد عزمي الصغير في استقبالها للرئيس الفلسطيني ياسر عرفات اثناء زيارته الاولى لعائلة الشهيد عزمي,,,,still image,1985,1985,رئيس فلسطين، امرأة، زوجة شهيد، اطفال، منزل، رئيس فلسطين، زيارة، الاردن,,,,image/jpeg,758,1052,https://d7rm5xoig729r.cloudfront.net/collectiveaccess/images/1/1/6/2/53010_ca_object_representations_media_116298_preview.jpg,https://d7rm5xoig729r.cloudfront.net/collectiveaccess/images/1/1/6/2/26484_ca_object_representations_media_116298_original.jpg,https://palarchive.org/index.php/Detail/objects/162803/lang/en_US,The Palestinian Museum ,info@palarchive.org,,,,The Azmi Zughier Collection,9 September 2019 at 16:26:15,9 March 2021 at 11:17:12,Shaheed Azmi al-Zughaier's wife with Late Palestinian President Yassir Arafat on his first visit to them,زوجة الشهيد عزمي الصغير في استقبالها للرئيس الفلسطيني ياسر عرفات اثناء زيارته الاولى لعائلة الشهيد عزمي,,,,
ark:/13030/m5d58b57,ark:/21198/z1p6172b,,Work,154.0,0154.01.0017|~|162804|~|35554_ca_object_representations_media_116299_original.jpg,The Azmi Zughier Collection,,وفد اجنبي مع عزمي النفاع جنوب لبنان,A foreign delegation with Azmi Naffa' in southern Lebanon,A foreign delegation with Shaheed Azmi a-Zughaier in southern Lebanon|~|وفد اجنبي برفقة الشهيد عزمي الصغير جنوب لبنان,,,,still image,1977,1977,وفد اجنبي، جنوب لبنان، صور,,,,image/jpeg,526,738,https://d7rm5xoig729r.cloudfront.net/collectiveaccess/images/1/1/6/2/5657_ca_object_representations_media_116299_preview.jpg,https://d7rm5xoig729r.cloudfront.net/collectiveaccess/images/1/1/6/2/35554_ca_object_representations_media_116299_original.jpg,https://palarchive.org/index.php/Detail/objects/162804/lang/en_US,The Palestinian Museum ,info@palarchive.org,,,,The Azmi Zughier Collection,9 September 2019 at 16:26:15,9 March 2021 at 11:17:12,A foreign delegation with Shaheed Azmi a-Zughaier in southern Lebanon,وفد اجنبي برفقة الشهيد عزمي الصغير جنوب لبنان,,,,
ark:/13030/m5jx645t,ark:/21198/z1p6172b,,Work,154.0,0154.01.0018|~|162805|~|65236_ca_object_representations_media_116300_original.jpg,The Azmi Zughier Collection,,أولاد الشهيد عزمي الصغير مع ياسر عرفات,Shaheed Azmi a-Zughaier's children with Yassir Arafat,"Shaheed Azmi a-Zughaier's children with Late Palestinian President Yassir Arafat|~|اولاد الشهيد عزمي الصغير سامر ""من اليمين"" و ايهاب ""من اليسار"" مع الرئيس الفلسطيني ياسر عرفات اثناء زيارتهم له في القصر الثقافي في الاردن",,,,still image,1990,1990,شاب، طفل، رئيس، مكتب، القصر الثقافي، الاردن,,,,image/jpeg,762,1052,https://d7rm5xoig729r.cloudfront.net/collectiveaccess/images/1/1/6/3/3557_ca_object_representations_media_116300_preview.jpg,https://d7rm5xoig729r.cloudfront.net/collectiveaccess/images/1/1/6/3/65236_ca_object_representations_media_116300_original.jpg,https://palarchive.org/index.php/Detail/objects/162805/lang/en_US,The Palestinian Museum ,info@palarchive.org,,,,The Azmi Zughier Collection,9 September 2019 at 16:26:15,9 March 2021 at 11:17:12,Shaheed Azmi a-Zughaier's children with Late Palestinian President Yassir Arafat,"اولاد الشهيد عزمي الصغير سامر ""من اليمين"" و ايهاب ""من اليسار"" مع الرئيس الفلسطيني ياسر عرفات اثناء زيارتهم له في القصر الثقافي في الاردن",,,,
ark:/13030/m59d4mqp,ark:/21198/z1p6172b,,Work,154.0,0154.01.0019|~|162806|~|51293_ca_object_representations_media_116301_original.jpg,The Azmi Zughier Collection,,ياسر عرفات في اول زيارة له لعائلة الشهيد عزمي الصغير في الاردن,Yassir Arafat's first visit to Shaheed Azmi al-Zughaier's Family in Jordan,Late Palestinian President Yassir Arafat's first visit to Shaheed Azmi al-Zughaier's Family in Jordan|~|الرئيس الفلسطيني ياسر عرفات في منزل الشهيد عزمي الصغير اثناء زيارته الاولى لعائلة الشهيد في الاردن,,,,still image,1985,1985,رئيس فلسطين، امرأة، زوجة شهيد، اطفال، منزل، رئيس فلسطين، زيارة، الاردن,,,,image/jpeg,744,1046,https://d7rm5xoig729r.cloudfront.net/collectiveaccess/images/1/1/6/3/10300_ca_object_representations_media_116301_preview.jpg,https://d7rm5xoig729r.cloudfront.net/collectiveaccess/images/1/1/6/3/51293_ca_object_representations_media_116301_original.jpg,https://palarchive.org/index.php/Detail/objects/162806/lang/en_US,The Palestinian Museum ,info@palarchive.org,,,,The Azmi Zughier Collection,9 September 2019 at 16:26:15,9 March 2021 at 11:17:12,Late Palestinian President Yassir Arafat's first visit to Shaheed Azmi al-Zughaier's Family in Jordan,الرئيس الفلسطيني ياسر عرفات في منزل الشهيد عزمي الصغير اثناء زيارته الاولى لعائلة الشهيد في الاردن,,,,
ark:/13030/m5f55cdz,ark:/21198/z1p6172b,,Work,154.0,0154.01.0020|~|162807|~|10893_ca_object_representations_media_116302_original.jpg,The Azmi Zughier Collection,,عزمي الصغير بمكتبه في صور جنوب لبنان,Shaheed Azmi a-Zughaier in his office in Tyre - Lebanon,Shaheed Azmi a-Zughaier in his office in Tyre - Lebanon|~|عزمي الصغير وشخص اخر غير معروف وراء مكتبه في صور جنوب لبنان,,,,still image,1980,1980,رجلان، شهيد، مكتب، جنوب لبنان، صور,,,,image/jpeg,771,1154,https://d7rm5xoig729r.cloudfront.net/collectiveaccess/images/1/1/6/3/25468_ca_object_representations_media_116302_preview.jpg,https://d7rm5xoig729r.cloudfront.net/collectiveaccess/images/1/1/6/3/10893_ca_object_representations_media_116302_original.jpg,https://palarchive.org/index.php/Detail/objects/162807/lang/en_US,The Palestinian Museum ,info@palarchive.org,,,,The Azmi Zughier Collection,9 September 2019 at 16:26:15,9 March 2021 at 11:17:12,Shaheed Azmi a-Zughaier in his office in Tyre - Lebanon,عزمي الصغير وشخص اخر غير معروف وراء مكتبه في صور جنوب لبنان,,,,
ark:/13030/m5qk56hv,ark:/21198/z1p6172b,,Work,154.0,0154.01.0021|~|162808|~|91705_ca_object_representations_media_116303_original.jpg,The Azmi Zughier Collection,,عزمي الصغير في منطقة رأس العين في الراشدية,Shaheed Azmi a-Zughaier in Ras el-Ein in al-Raashediya,Shaheed Azmi a-Zughaier washing his hands from a spring in Ras el-Ein in southern Lebanon|~|الشهيد عزمي الصغير وهو يغسل يداه من نبع مياه في منطقة رأس العين جنوب لبنان,,,,still image,1976,1976,طبيعة، اشجار، رجال، بحيرة,,,,image/jpeg,1147,734,https://d7rm5xoig729r.cloudfront.net/collectiveaccess/images/1/1/6/3/29756_ca_object_representations_media_116303_preview.jpg,https://d7rm5xoig729r.cloudfront.net/collectiveaccess/images/1/1/6/3/91705_ca_object_representations_media_116303_original.jpg,https://palarchive.org/index.php/Detail/objects/162808/lang/en_US,The Palestinian Museum ,info@palarchive.org,,,,The Azmi Zughier Collection,9 September 2019 at 16:26:15,9 March 2021 at 11:17:12,Shaheed Azmi a-Zughaier washing his hands from a spring in Ras el-Ein in southern Lebanon,الشهيد عزمي الصغير وهو يغسل يداه من نبع مياه في منطقة رأس العين جنوب لبنان,,,,
ark:/13030/m5kt4fs4,ark:/21198/z1p6172b,,Work,154.0,0154.01.0022|~|162809|~|41534_ca_object_representations_media_116304_original.jpg,The Azmi Zughier Collection,,عزمي النفاع في مخيم الراشدية جنوب مدينة صور,Shaheed Naffa' in al-Rashediya Camp; south of Tyre City,Shaheed Azmi al-Zughaier in al-Rashediya Camp; south of Tyre City|~|الشهيد عزمي الصغير داخل مخيم الراشدية جنوب مدينة صور في لبنان,,,,still image,1975 to 1976,1975/1976,مخيم الراشدية، شارع، بيوت، رجل,,,,image/jpeg,1720,1136,https://d7rm5xoig729r.cloudfront.net/collectiveaccess/images/1/1/6/3/40220_ca_object_representations_media_116304_preview.jpg,https://d7rm5xoig729r.cloudfront.net/collectiveaccess/images/1/1/6/3/41534_ca_object_representations_media_116304_original.jpg,https://palarchive.org/index.php/Detail/objects/162809/lang/en_US,The Palestinian Museum ,info@palarchive.org,,,,The Azmi Zughier Collection,9 September 2019 at 16:26:16,9 March 2021 at 11:17:12,Shaheed Azmi al-Zughaier in al-Rashediya Camp; south of Tyre City,الشهيد عزمي الصغير داخل مخيم الراشدية جنوب مدينة صور في لبنان,,,,
ark:/13030/m53n9spr,ark:/21198/z1p6172b,,Work,154.0,0154.01.0023|~|162810|~|54375_ca_object_representations_media_116305_original.jpg,The Azmi Zughier Collection,,قادة في القواعد العسكرية جنوب لبنان,Leaders at the military bases in southern Lebanon,Khaleel al-Wazeir and Shaheed Azmi al-Zughaier with leaders of the PLO at the military bases in southern Lebanon|~|الشهيد عزمي الصغير وخليل الوزير ابو جهاد ومجموعة من المرافقين والقادة في القواعد العسكرية جنوب لبنان,,,,still image,1976 to 1977,1976/1977,قادة عسكريين، جنوب لبنان، صور,,,,image/jpeg,2338,1700,https://d7rm5xoig729r.cloudfront.net/collectiveaccess/images/1/1/6/3/65762_ca_object_representations_media_116305_preview.jpg,https://d7rm5xoig729r.cloudfront.net/collectiveaccess/images/1/1/6/3/54375_ca_object_representations_media_116305_original.jpg,https://palarchive.org/index.php/Detail/objects/162810/lang/en_US,The Palestinian Museum ,info@palarchive.org,,,,The Azmi Zughier Collection,9 September 2019 at 16:26:16,9 March 2021 at 11:17:12,Khaleel al-Wazeir and Shaheed Azmi al-Zughaier with leaders of the PLO at the military bases in southern Lebanon,الشهيد عزمي الصغير وخليل الوزير ابو جهاد ومجموعة من المرافقين والقادة في القواعد العسكرية جنوب لبنان,,,,
ark:/13030/m5rg3j8c,ark:/21198/z1p6172b,,Work,154.0,0154.01.0024|~|162811|~|30771_ca_object_representations_media_116306_original.jpg,The Azmi Zughier Collection,,خليل الوزير وعزمي النفاع في النادي الرياضي الذي قام بتأسيسه عزمي النفاع,Khaleel al-Wazeir with Azmi Naffa' at the Sports Club; founded by Azmi Naffa',Khaleel al-Wazeir with Shaheed Azmi al-Zughaier at the Sports Club; founded by Azmi Naffa' in Tyre City|~|الشهيد عزمي الصغير وخليل الوزير ابو جهاد داخل النادي الرياضي الذي اسسه عزمي النفاع في مدينة صور,,,,still image,1976 to 1977,1976/1977,نادي رياضي، صور، كؤوس ، مجلة، مكتب، رجال,,,,image/jpeg,1192,1700,https://d7rm5xoig729r.cloudfront.net/collectiveaccess/images/1/1/6/3/66232_ca_object_representations_media_116306_preview.jpg,https://d7rm5xoig729r.cloudfront.net/collectiveaccess/images/1/1/6/3/30771_ca_object_representations_media_116306_original.jpg,https://palarchive.org/index.php/Detail/objects/162811/lang/en_US,The Palestinian Museum ,info@palarchive.org,,,,The Azmi Zughier Collection,9 September 2019 at 16:26:16,9 March 2021 at 11:17:12,Khaleel al-Wazeir with Shaheed Azmi al-Zughaier at the Sports Club; founded by Azmi Naffa' in Tyre City,الشهيد عزمي الصغير وخليل الوزير ابو جهاد داخل النادي الرياضي الذي اسسه عزمي النفاع في مدينة صور,,,,
ark:/13030/m5v777wr,ark:/21198/z1p6172b,,Work,154.0,0154.01.0025|~|162812|~|52781_ca_object_representations_media_116307_original.jpg,The Azmi Zughier Collection,,عزمي النفاع في النادي الرياضي في مدينة صور,Azmi Naffa' at the Sports Club in Tyre City,"Shaheed Azmi al-Zughaier at the Sports Club; he founded, in Tyre City|~|الشهيد عزمي الصغير في النادي الرياضي الذي اسسه في مدينة صور",,,,still image,1976 to 1977,1976/1977,نادي رياضي، كؤوس، مجلة,,,,image/jpeg,1201,958,https://d7rm5xoig729r.cloudfront.net/collectiveaccess/images/1/1/6/3/18175_ca_object_representations_media_116307_preview.jpg,https://d7rm5xoig729r.cloudfront.net/collectiveaccess/images/1/1/6/3/52781_ca_object_representations_media_116307_original.jpg,https://palarchive.org/index.php/Detail/objects/162812/lang/en_US,The Palestinian Museum ,info@palarchive.org,,,,The Azmi Zughier Collection,9 September 2019 at 16:26:16,9 March 2021 at 11:17:12,"Shaheed Azmi al-Zughaier at the Sports Club; he founded, in Tyre City",الشهيد عزمي الصغير في النادي الرياضي الذي اسسه في مدينة صور,,,,
ark:/13030/m5007rbm,ark:/21198/z1p6172b,,Work,154.0,0154.01.0026|~|162813|~|90756_ca_object_representations_media_116308_original.jpg,The Azmi Zughier Collection,,استعراض عسكري بمناسبة يوم الشهيد,A military parade on Shaheeds' Day,Shaheed Azmi al-Zughaier with Late Palestinian President Yassir Arafat during a military parade in southern Lebanon on Shaheeds' Day|~|الشهيد عزمي الصغير برفقة الرئيس الفلسطيني ياسر عرفات خلال الاحتفال بيوم الشهيد جنوب لبنان,,,,still image,1980 to 1981,1980/1981,استعراض عسكري، يوم الشهيد، لبنان,,,,image/jpeg,788,761,https://d7rm5xoig729r.cloudfront.net/collectiveaccess/images/1/1/6/3/21712_ca_object_representations_media_116308_preview.jpg,https://d7rm5xoig729r.cloudfront.net/collectiveaccess/images/1/1/6/3/90756_ca_object_representations_media_116308_original.jpg,https://palarchive.org/index.php/Detail/objects/162813/lang/en_US,The Palestinian Museum ,info@palarchive.org,,,,The Azmi Zughier Collection,9 September 2019 at 16:26:16,9 March 2021 at 11:17:12,Shaheed Azmi al-Zughaier with Late Palestinian President Yassir Arafat during a military parade in southern Lebanon on Shaheeds' Day,الشهيد عزمي الصغير برفقة الرئيس الفلسطيني ياسر عرفات خلال الاحتفال بيوم الشهيد جنوب لبنان,,,,
ark:/13030/m5np9tn1,ark:/21198/z1p6172b,,Work,154.0,0154.01.0027|~|162814|~|99232_ca_object_representations_media_116309_original.jpg,The Azmi Zughier Collection,,عزمي النفاع واخرين في الاغوار,Azmi Naffa' with others in the valleys,Shaheed Azmi al-Zughaier with others in the valleys of Lebanon|~|الشهيد عزمي الصغير واشخاص غير معروفة اسمائهم في منطقة الاغوار في لبنان,,,,still image,1970 to 1973,1970/1973,اغوار، الاردن، رجال، اغوار,,,,image/jpeg,869,1370,https://d7rm5xoig729r.cloudfront.net/collectiveaccess/images/1/1/6/3/76808_ca_object_representations_media_116309_preview.jpg,https://d7rm5xoig729r.cloudfront.net/collectiveaccess/images/1/1/6/3/99232_ca_object_representations_media_116309_original.jpg,https://palarchive.org/index.php/Detail/objects/162814/lang/en_US,The Palestinian Museum ,info@palarchive.org,,,,The Azmi Zughier Collection,9 September 2019 at 16:26:16,9 March 2021 at 11:17:12,Shaheed Azmi al-Zughaier with others in the valleys of Lebanon,الشهيد عزمي الصغير واشخاص غير معروفة اسمائهم في منطقة الاغوار في لبنان,,,,
ark:/13030/m58d7khd,ark:/21198/z1p6172b,,Work,154.0,0154.01.0028|~|162815|~|40068_ca_object_representations_media_116310_original.jpg,The Azmi Zughier Collection,,عزمي النفاع مع الدكتور زهير الوزير في احد شوارع النمسا,Azmi Naffa' with Dr. Zuheir al-Wazeir in the streets of Austria,Shaheed Azmi al-Zughaier with Dr. Zuheir al-Wazeir in the streets of Austria|~|الشهيد عزمي الصغير مع الدكتور زهير الوزير في احد الشارع في النمسا,,,,still image,1979,1979,شارع، سيارات، اشجار، بيوت، رجلان، النمسا,,,,image/jpeg,6234,8582,https://d7rm5xoig729r.cloudfront.net/collectiveaccess/images/1/1/6/3/5677_ca_object_representations_media_116310_preview.jpg,https://d7rm5xoig729r.cloudfront.net/collectiveaccess/images/1/1/6/3/40068_ca_object_representations_media_116310_original.jpg,https://palarchive.org/index.php/Detail/objects/162815/lang/en_US,The Palestinian Museum ,info@palarchive.org,,,,The Azmi Zughier Collection,9 September 2019 at 16:26:16,9 March 2021 at 11:17:12,Shaheed Azmi al-Zughaier with Dr. Zuheir al-Wazeir in the streets of Austria,الشهيد عزمي الصغير مع الدكتور زهير الوزير في احد الشارع في النمسا,,,,
ark:/13030/m54n6tsp,ark:/21198/z1p6172b,,Work,154.0,0154.01.0029|~|162816|~|27276_ca_object_representations_media_116311_original.jpg,The Azmi Zughier Collection,,غير معروف,Unknown,,,,,still image,,,,,,,image/jpeg,4421,6170,https://d7rm5xoig729r.cloudfront.net/collectiveaccess/images/1/1/6/3/35266_ca_object_representations_media_116311_preview.jpg,https://d7rm5xoig729r.cloudfront.net/collectiveaccess/images/1/1/6/3/27276_ca_object_representations_media_116311_original.jpg,https://palarchive.org/index.php/Detail/objects/162816/lang/en_US,The Palestinian Museum ,info@palarchive.org,,,,The Azmi Zughier Collection,9 September 2019 at 16:26:16,9 March 2021 at 11:17:12,,,,,,
